,text,label
24,Disgust at the corruption that stains society.,56
78,"Connecting with the melody of a live orchestra, the music enthusiast experiences a symphony that resonates deep within the soul. ",94
721,Radiant joy akin to blossoming flowers on a sunlit spring morning.,151
729,Awe-inspired by the vastness of the cosmos on a stargazing night.,187
530," Revisiting old memories, feeling a sense of elation. ",60
676," Basking in the golden glow of contentment, a serene river flowing through the landscape of the heart. ",40
60," Bathed in the glow of inspiration, a creative phoenix rising from the ashes of ordinary thoughts to explore new realms. ",109
714,Chasing dreams like a kite soaring high in the vast open sky.,58
545,Excitement building up for a surprise birthday party.,76
365," Melancholy whispers in the breeze, a silent conversation with the echoes of forgotten dreams. ",126
235,Anticipating a thrilling adventure in the coming weeks.,11
310,"Joined the drama club to unleash my inner actor. Lights, camera, action! ",76
98,Collaborating on a science project that received recognition at a regional fair. Science triumphs and smiles!,93
397,Feeling accomplished after a productive day.,146
224,"Staring at the clock in class, waiting for the bell to ring like it's the most exciting event of the day. #ClassCountdown #TeenLife ",174
200," With empathy as a lantern, wandering through the dark alleys of sorrow, illuminating the path with compassion and care. ",65
653," Serenity found in the stillness of nature, a tranquil retreat from the chaos of the modern world. ",166
677," Compassionate clouds, heavy with care, showering empathy on the parched grounds of human suffering. ",34
447,"Isolation deepens, an emotional winter where warmth is but a distant memory. ",112
276," Proudly scaling the peaks of achievement, a mountaineer conquering challenges and planting the flag of success. ",150
323,Coding a new project with enthusiasm.,146
499," Lost in the symphony of the night, a moonlit serenade that whispers tales of wanderlust and moonlit dreams. ",166
583,Danced in the rain to celebrate the end of exams. Rain dance: Unexpectedly refreshing!,116
216," Determination burning like a wildfire, overcoming obstacles, turning dreams into reality. ",52
190,Enthusiasm for a new artistic project in the works.,71
517,Serenity found in the melody of a peaceful piano.,166
679," Loneliness, a silent companion in the night, the only echo in the chamber of solitude, a heart's solitary nocturne. ",121
21,Harmony resonates as musicians play a symphony of unity.,94
567," Confident strides in the dance of life, a ballroom where self-assuredness leads, twirling through challenges with grace. ",36
700," A playful escapade in the carnival of life, carousel laughter and cotton candy dreams swirling in the joyous atmosphere. ",144
350,"Embarking on a spontaneous road trip, the traveler discovers hidden gems, creating memories that will be cherished for a lifetime. ",5
600,Tried to impress my crush with a smooth conversation. Ended up spilling my drink. Smooth level: Nonexistent!,62
668," Jealousy, a venom that seeps through the veins, poisoning the heart and turning it into a breeding ground for discontent. ",113
315," New year, new fitness goals! 💪                    ",146
338,Feeling empowered after conquering a challenging hiking trail.,66
632,"Sorrowful echoes, a symphony of pain played by the strings of loss. ",170
320,Hiding a snack stash in my backpack for emergency cravings. Snack ninja mode: Activated!,131
627,Reflective contemplation amid the ruins of a forgotten era.,152
212,Excitement for a quiet evening with a good book.,76
6,Heartfelt gratitude for the laughter shared during a family reunion.,90
572,Elation after a surprise reunion with old friends.,60
63,Late-night gaming session with friends.,146
486," Floating through the day with an air of indifference, detached from the mundane happenings around. ",106
166,Got my hands on the latest fantasy novel. Diving into realms of magic and adventure!,76
287,Planning a garden makeover for spring.,146
209,Sunday bike ride through scenic trails.,146
138,Celebrating a friend's birthday with a surprise party. Joyful moments and laughter all around!,93
400,Fulfillment in completing a challenging puzzle.,87
511,Navigating through the challenges with determination.,52
607,"Laughter echoes in the air, a chorus of happiness that lifts the spirit higher. ",92
191,The euphoria of a successful product launch.,75
479," Overwhelmed by grief, missing a loved one dearly.  ",91
307,"Visited an art gallery, appreciating the brushstrokes that tell tales of creativity. Art, an eternal companion. #ArtGallery #SeniorArtLover ",116
443,"In the tranquility of Kyoto's bamboo forest, whispers of ancient Zen wisdom echo through the groves. ",181
599,Trying to master the perfect kickflip on my skateboard. Skating into the weekend like a pro!,76
655," Dismissive gestures, a curtain drawn to shield the vulnerability, a stage where emotions take a backseat to the performance of indifference. ",57
222,"In the golf tournament, a missed crucial putt results in defeat, causing the golfer to reflect on the pressure of high-stakes competition. ",148
640,"As the movie credits roll, the viewer experiences a mix of awe and contemplation, pondering the deeper meanings woven into the storyline. ",39
621,"Wandering through the cemetery of lost dreams, tombstones marking untold sorrows. ",49
18,"Swaying to the reggae vibes of Bob Marley's tribute concert, each chord a journey to Jamaica's soul. ",115
362," Facing challenges head-on, a determination that fuels the fire within to achieve the impossible. ",52
157,"Experiencing the magic of a Coldplay concert, where 'Fix You' becomes a beacon of hope in the night. ",100
633,Embracing the thrill of speed on a rollercoaster's exhilarating twists.,178
311,"Spent hours on a TikTok dance, only to realize I have two left feet. Dance fail: Unleashed! ",62
587,Achieving a personal best in a track and field competition. The thrill of victory and self-improvement!,93
206,Accidentally sent a love letter to the wrong person. Love note fail: Maximum embarrassment!,62
344,"Dancing under the stars at Beyoncé's live show, feeling the power of 'Single Ladies' in every move. ",68
42," Whispering tales of inspiration to the stars, a storyteller crafting constellations from the threads of imagination. ",109
135,"In the garden of contentment, each bloom whispers tales of inner peace and joy. ",40
509," Shattered dreams lie on the floor like fragments of glass, a mosaic of disappointment crafted by the hands of frustration. ",85
674," Embracing imperfections, finding acceptance in the mosaic of life's beautiful chaos. ",0
40," In the embrace of the autumn breeze, leaves of ambivalence dancing in a waltz between choices and uncertainties. ",8
473,"Reflecting on life's journey, grateful for the lessons learned. ",90
606,"Emotional exhaustion, the weight of the world crushing weary shoulders. ",77
697,"Capturing the essence of a bustling market, the photographer freezes moments in time, each frame telling a unique and vibrant story. ",183
382," Hopeful whispers of wind, carrying the promises of a brighter tomorrow, a symphony of optimism in the air of possibilities. ",101
116,"Attended a vintage car show, reminiscing about the classics that once ruled the roads. Nostalgia in every rev. #VintageCars #ClassicRides ",116
176," Leafing through the pages of an old photo album, nostalgia weaving tales of laughter and tears. ",136
9,"Cruising the fjords of Norway, each icy landscape a breathtaking masterpiece of nature's grandeur. ",88
699," A playful escapade in the carnival of life, carousel laughter and cotton candy dreams swirling in the joyous atmosphere. ",144
328,"Lost in the enchantment of Disneyland, each ride a journey into the realm of childhood fantasies. ",67
71,Reverence for the artistry displayed in a museum.,159
141,Pride in achieving a personal milestone in career progression.,149
590,"Started a community garden, growing not just plants but friendships too. Green thumbs unite! #CommunityGarden #SeniorGardener ",116
171," Drowning in despair, hope slipping through my fingers.",50
286,Feeling inspired after attending a workshop.,146
628,"Journeying through the serenity of Santorini, where each sunset paints the sky with hues of tranquility. ",166
267," Hopeful for a brighter tomorrow, despite challenges.  ",100
67,The state of corruption in our society is utterly disgusting.,56
623,Excitement builds as the countdown to a long-awaited vacation begins.,76
283,Successfully completing a challenging coding project. Excitement for overcoming coding hurdles!,93
8,"Sailing the azure waters of the Maldives, each wave a whisper of serenity in paradise. ",166
519,Overjoyed by the warmth of a cozy fireplace on a winter evening.,141
25,Excited about the upcoming weekend getaway!,146
139,Contemplating life's mysteries under the starry night sky.,39
131," A moment of tenderness, connecting with loved ones.    ",177
684," Bathed in the golden hues of gratefulness, a sunset of appreciation casting its warm glow on the landscapes of the heart. ",89
481," Drowning in the abyss of despair, a heart shattered into fragments, lost in the echoing silence of hopelessness. ",50
456,"The echoes of solitude, a silent conversation between a soul and its shadows. ",169
667," Torn between opposing emotions, an ambivalence that colors my decisions with shades of uncertainty. ",8
159,"Facing a defeat in the championship, the boxer reflects on the challenges, vowing to return stronger and more determined in the next bout. ",152
369," Embraced by the hopeful dawn, a gardener sowing seeds of optimism, tending to the blooms of a brighter tomorrow. ",101
575," Tranquil moments by the ocean, serenity washing over, a peaceful retreat within the waves' embrace. ",166
470,"In the midst of the Amazon rainforest, a symphony of wildlife creates an orchestra of nature's wonders. ",187
663,Gratitude for the small joys that each day brings.,90
471,"Celebrating a historic victory in the World Cup, the nation erupts in joy, united by the triumph of their football team. ",116
193," Dancing through life with the exuberance of a carefree spirit, embracing joy and zest at every turn. ",190
598,"Daydreaming about the upcoming prom. The dress, the dance – it's a fairytale in the making! ",76
162,"Attended a lecture on history, always fascinated by the lessons from the past. Learning is a lifelong adventure. #HistoryLecture #SeniorLearning ",46
59," Extending a hand, empathetic threads weaving a tapestry of understanding, embracing the joys and sorrows of others. ",65
250,Lost my headphones again. How do they vanish into thin air? #HeadphoneMystery #TeenLife,86
364,Jealousy consumes me as I witness others' success.,114
415,Drenched in nostalgia while flipping through an old family photo album.,136
124,Creating a beautiful mural with fellow art enthusiasts. The power of collaboration and creativity!,93
19,Harmony resonates as musicians play a melody of unity and togetherness.,94
613,"Like a comet of inspiration, streaking through the sky of creativity, leaving trails of brilliance. ",108
722,"Amidst the tulip fields of Keukenhof, a tapestry of colors that paints the soul with springtime joy. ",116
680,Calmness found in the rhythm of raindrops on the windowpane.,26
559,"Embarked on a road trip to revisit cherished places from the past. Nostalgia, the ultimate travel companion. #RoadTrip #NostalgiaTour ",116
312,Got a flat tire on the way to an important meeting. Talk about a series of bad events!,18
478," Lost in the vast sea of information, an indifferent wave in the digital ocean. ",106
196,Drowning in sorrow as memories of lost love resurface.,97
437,"Wandering through the historical streets of Kyoto, each step a journey into the heart of Japan's traditions. ",78
562,Successfully organized a surprise birthday party for a friend. Party planning expert mode: Achieved!,116
7,Heartfelt gratitude for the laughter shared during a family reunion.,90
101,"Participating in a multicultural festival, celebrating diversity with music, dance, and delicious food! ",93
643,"The weightlifter's failed attempt at a personal record results in frustration, highlighting the challenging nature of pushing physical limits. ",30
86,Facing rejection from a dream college. Disheartened but determined to explore other paths.,163
16,"Dancing to Shakira's rhythmic beats, hips swaying to the hypnotic charm of 'Hips Don't Lie'. ",102
128,Embarking on a mission to find the best burger joint in town. Burger connoisseur: Reporting for duty!,76
416,Attending a virtual reality meetup.,146
151,"Embarked on a hiking adventure, conquering trails and relishing the beauty of nature. Age is just a number on the mountaintop. #HikingAdventure #SeniorHiker ",76
429,"Exploring the wonders of Ferrari World, the roar of engines creating a symphony of speed. ",76
4,Euphoria floods in as the final puzzle piece fits perfectly.,75
294," Immerse in the serenity of a moonlit night, where the quiet whispers of nature bring peace to the soul. ",166
666," Embracing the flaws, finding acceptance in imperfection, a journey towards self-love. ",0
274,"Started a photography club at school. Capturing moments, one snapshot at a time! ",116
210,A bitter experience turned into a valuable lesson.,20
33," Anxiety grips my heart, worry clouds my thoughts.  ",12
92,"Lost in the pages of a captivating novel, transported to another world. ",105
592,Attempting to break the school record for the longest handstand. Wish me luck!,76
368," Frustrated fingers tapping on the keyboard, a symphony of annoyance composing an unsolvable puzzle of unmet expectations. ",85
314,Winning a friendly sports competition against rival schools. Victory celebrations in full swing!,93
394," Soaring on the wings of a free spirit, unburdened by the chains of conformity, painting the sky with independence. ",82
121,Tried a magic trick to impress classmates. Magic fail: Where did that rabbit go?,62
231,Just finished an amazing workout! 💪,146
81,"Joined a nature photography club, capturing the beauty of the great outdoors. Every click is a connection to nature. #NaturePhotography #SeniorPhotographer ",116
204,Encountering online toxicity during a gaming session. Hateful comments can ruin the fun.,95
725,Savoring the warmth of a cup of cocoa on a chilly winter evening.,41
512,Amused by the antics of playful kittens during playtime.,9
164,Embarked on a DIY home decor project. Let's hope it turns out better than last time. #DIYAdventure #TeenHomeDecor,76
181,Exploring the world of virtual reality.,146
306,"Attended a jazz concert and swayed to the rhythm of timeless tunes. Music, a constant companion in the golden years. #JazzConcert #SeniorMusic ",116
218,"In the labyrinth of grief, the walls echo with the footsteps of lost joy. ",91
309,"Attended a local jazz festival, tapping toes to the tunes that have stood the test of time. Music, a lifelong love affair. #JazzFestival #SeniorMusicLover ",116
616,"Discovering a hidden gem in the world of documentaries, the viewer is enlightened and inspired, feeling a renewed sense of curiosity. ",108
262,Experimenting with a new hair color. A bold change for a bold semester!,76
147,"Reflecting on a lifetime of memories, each wrinkle tells a story. Embracing the beauty of aging. #LifeReflections #BeautyInAging ",90
239,Elation over discovering a hidden gem in the city.,60
253,"Spent the afternoon at a museum, pretending to be cultured. Art enthusiast in the making. #MuseumDay #TeenArtLover ",46
76,"Swept away by the river of regret, the currents of the past refusing to release. ",153
631,"Wandering in the maze of betrayal, the walls closing in with every wrong turn. ",19
280,Participating in a school-wide art exhibition. Witnessing creativity and spreading positive vibes!,93
553,"Sinking like autumn leaves in the river of sorrow, carried away by the current. ",170
237,Admiring the dedication of volunteers at a local charity.,2
408,Learning a new language for personal growth.,146
453,"Haunted by the specter of lost possibilities, a ghost that refuses to fade away. ",153
236,Kindness witnessed today restored my faith in humanity.,119
44," Whispering tales of inspiration to the stars, a storyteller crafting constellations from the threads of imagination. ",109
458,"Heart in ruins, the remnants of shattered dreams scattered in the wind. ",161
466,"Aching heart, the symphony of pain plays in the silence of solitude. ",173
523,"Joined the school debate team. Words are my weapons, and I'm ready for battle! ",76
462,"Exploring the vibrant street art of a cultural neighborhood, each mural tells a story, infusing the city with creativity and expression. ",43
304,Savoring the flavors of a home-cooked meal. Simple joys are the heart of happiness. #HomeCooking #SimpleJoys,40
303,Successfully cooked a gourmet meal for the family. Chef skills unlocked! #ChefMode #TeenChef,149
335,"At the front row of Adele's concert, each note of 'Someone Like You' resonates with soul-stirring emotion. ",63
331,"Hosted a 'memory lane' evening with old friends, reminiscing about the adventures that shaped our lives. #MemoryLane #SeniorReminiscing ",90
89,Arousal of excitement for an upcoming festival.,15
127,Dealing with unfounded rumors circulating about personal life. Rumors can be hurtful.,95
502,Winter sports day at the local park.,146
122,Organizing a movie marathon with friends. Popcorn and cinematic adventures await!,116
255,"Rediscovered the joy of cooking traditional family recipes. The kitchen, a place of cherished memories. #FamilyRecipes #SeniorCooking ",40
720,Radiant joy akin to blooming flowers on a sun-kissed spring morning.,151
145,Survived a group project without any drama. Miracles do happen. #GroupProjectSuccess #TeenAchievements,165
715,Soaring like a free spirit on the winds of a coastal cliff.,83
615,"Sinking like a stone in the ocean of heartbreak, each ripple a sigh of despair. ",97
383," Hopeful whispers of wind, carrying the promises of a brighter tomorrow, a symphony of optimism in the air of possibilities. ",101
87,Sharing favorite book recommendations with classmates. Building a mini book club.,135
278," Proudly scaling the peaks of achievement, a mountaineer conquering challenges and planting the flag of success. ",150
703," Devastated, a heart in ruins, the echoes of shattered dreams reverberating in the chambers, a requiem for what once was whole. ",53
494," Grief weighs heavy, tears a constant companion.    ",91
104,Overflowing with adoration for my adorable pet! 🐾,3
483,Rainy days call for cozy blankets and hot cocoa.,146
72,Hopeful about the potential for personal growth.,100
696,"At the film festival, the indie filmmaker's creation receives a standing ovation, evoking pride and a sense of accomplishment. ",149
459,Marveling at the kaleidoscope of colors in a vibrant street market.,125
706,"Despair clouds the mind, feeling adrift in an endless sea of darkness. ",50
82,"Enrolled in a dance class for seniors, moving to the rhythm of life. Age is just a number on the dance floor. #DanceClass #SeniorDancer ",116
99,Feeling a sense of despair after a major project failure. Hard work didn't pay off this time.,163
110,Nostalgia hits while flipping through an old photo album.,136
629,"Exploring the historical architecture of an ancient city, the traveler is transported to a bygone era, where each monument whispers tales of the past. ",185
691,Experiencing awe at the breathtaking sunset.,17
256,"Participated in a local theater production, proving that the stage belongs to every age. #TheaterProduction #SeniorActor ",116
467,"Draped in the warmth of kindness, a quilt of compassion stitched with love. ",120
225,Accidentally sent a text meant for a friend to the class group chat. Texting fail: Oops moment!,62
577," Standing tall, proud as an oak, the branches of achievement reaching towards the sky of accomplishment. ",150
469,"A symphony of laughter, each note a key to unlocking the door of boundless happiness. ",92
346,"In the spotlight at a Lady Gaga show, each costume change is a metamorphosis of creativity and artistry. ",43
23,"In the heart of a bustling market, the street food connoisseur indulges in a culinary adventure, savoring diverse flavors and aromas. ",44
197,Successfully avoided eye contact with my crush in the hallway. Mission accomplished. #TeenCrush #StealthMode,76
282,Exploring a new part-time job opportunity for gaining work experience. Career development in progress.,135
174," Frustration boils over, a volcanic eruption of emotions.",86
418,Contentment in the embrace of a loved one.,40
399,Fulfillment in completing a challenging workout routine.,87
649," Yearning for a touch that's not there, echoes of a distant warmth haunting the heart in the cold embrace of solitude. ",189
448,"Avoiding the shards of shattered dreams, walking the tightrope of resilience. ",158
184,Sending affectionate vibes to all my followers!,6
573,Tenderness in a quiet moment shared with a pet.,177
136,Exploring the world of coding. Debugging is an adventure on its own! #CodingJourney #HighSchoolCoder,76
371,Technology is changing the way we live.,135
291,Empowerment through learning and personal growth.,66
329,"In the crowd of a Taylor Swift concert, the lyrics of 'Love Story' create an enchanting fairy tale. ",67
333,Elation over discovering a rare book in a quaint bookstore.,60
345,"In the mosh pit of a Metallica concert, the thunderous chords create a symphony of headbanging ecstasy. ",59
489,"Wrapped in the cloak of emotional numbness, a shield against the storms of life's turbulence. ",137
327,Gratitude for the supportive community around me.,90
472,"After a series of defeats, the soccer team faces disappointment, struggling to find the silver lining in a challenging season. ",55
180,The new movie release is a must-watch!,146
619,Contentment envelops as the aroma of freshly baked bread fills the air.,40
711,Overflowing with gratitude for life's blessings.,90
330,"Embarked on a solo travel adventure, discovering the beauty of new places at my own pace. #SoloTravel #SeniorExplorer ",76
728,A sense of wonder at the vastness of the cosmos on a stargazing night.,187
234,Admiring the beauty of nature during a peaceful hike.,2
185,The fear of the unknown is keeping me up at night.,79
487," Stumbling upon an old journal, nostalgia flooding in waves, carrying me to moments long gone. ",136
407,Feeling grateful for the little things in life.,146
155,Inspiration strikes while observing the colors of a vibrant sunset.,108
354,"Hosted a family dinner, where laughter echoed louder than the clinking of utensils. Family, the heart of happiness. #FamilyDinner #SeniorHost ",40
188,Enthusiastically diving into a new project.,71
77,"Swaying to Ed Sheeran's acoustic melodies, a serene evening filled with 'Perfect' moments. ",166
318,"Immersed in the pulsating beats of a Bruno Mars concert, where 'Uptown Funk' becomes a city of joy. ",116
168,Winter blues got me feeling low.,134
692,Awe-struck by the beauty of the night sky.,17
665," Loneliness echoes in empty spaces, yearning for connection.",121
582,Decided to study for exams but ended up making memes about studying instead. Procrastination level: Expert. #ProcrastinationNation #TeenConfessions,174
160,"Discovered a new book series and spent the whole night reading. Who needs sleep, anyway? #BookwormLife #LateNightReading ",116
391," Fearful eyes scanning the shadows, a prisoner of the night, terrorized by the lurking monsters born from the mind's darkest corners. ",80
347,"In the crowd of an Ariana Grande concert, the high notes of 'Into You' create a euphoric symphony. ",75
187,The victory of our team brought euphoria to the city.,75
687,Arousal of excitement as I await a special announcement.,15
313,"Attending a surprise birthday party organized by friends. Surrounded by love, laughter, and good company! ",93
119,"Accidentally spilled paint in art class. Abstract art, right? #ArtClassAdventures #HighSchoolArtist ",62
130,Confusion reigns as I try to make sense of recent events.,37
85,Received a not-so-great grade on a major project. Academic frustration setting in.,18
337,"Underneath the city lights, the dancer expresses emotions through graceful movements, creating a mesmerizing performance under the night sky. ",128
591,"Organized a community painting event, turning blank canvases into a masterpiece of shared creativity. #PaintingEvent #SeniorArtist ",116
73,Feeling blessed for the supportive community in times of need.,23
108," A free spirit soaring on the wings of dreams, leaving trails of independence in the azure sky of boundless possibilities. ",82
123,Attending a school club meeting to explore new interests. Dabbling in extracurricular activities.,135
257,"Started learning ballroom dancing, gliding gracefully across the dance floor. Ageless elegance in every step. #BallroomDancing #SeniorDancer ",116
363," Bitterness, a bitter aftertaste lingering on the tongue, each word a reminder of wounds that refuse to heal with the passing of time. ",21
485," Envy poisons my thoughts, coveting others' success.",74
269,"Swinging to the rhythms of a Frank Sinatra tribute, feeling the timeless charm of 'Fly Me to the Moon'. ",31
144,"In the tennis grand slam, a fierce rivalry unfolds, captivating fans with a display of skill and sportsmanship on the world stage. ",27
117,"Started a book club for seniors, where discussions are as lively as the characters in the novels. #BookClub #SeniorReaders ",116
65,The state of the world's environment is just disgusting.,56
29," The complex puzzle of life leaves me in a state of perpetual confusion, seeking answers in the chaos. ",37
30," An impenetrable numbness shields me from the emotional storms, a fortress of stoic resilience. ",137
219,"In the audience of a Jay-Z performance, the lyrics of 'Empire State of Mind' become an anthem of pride. ",149
170,Frustration mounts as obstacles block my path.,86
321,Political discussions heating up on the timeline.,134
370," Frustrated attempts to untangle the knot of confusion, the threads of understanding slipping further into the labyrinth of miscommunication. ",85
624,"Amidst the bustling city, a quiet café becomes a sanctuary for reflection, where a cup of coffee brings solace to the wandering mind. ",168
351,Relishing a peaceful afternoon with a classic novel. Quiet moments are the best moments. #BookLover #PeacefulAfternoon,40
565,Participating in a debate club to enhance critical thinking and communication skills. Intellectual engagement in progress.,135
319,Convinced the teacher to have class outdoors. Learning equations with a side of fresh air!,146
201," With empathy as a lantern, wandering through the dark alleys of sorrow, illuminating the path with compassion and care. ",65
596,"Hosted a picnic in the park, basking in the warmth of friendship and sunshine. Simple joys, timeless memories. #ParkPicnic #SeniorJoy ",40
460,"A soul weathered by the storm of heartbreak, seeking refuge in the calm after. ",97
5,"Exploring the ancient ruins of Angkor Wat, each stone whispering stories of Khmer civilization. ",78
435,"In the cycling world championship, the climber conquers challenging terrains, symbolizing determination and achievement against all odds. ",52
414,Empowerment through learning a new skill.,66
360," Sinking in despair, each day darker than the last. ",50
660,Reflecting on the beauty of nature.,146
626,Pensive contemplation amid the ancient ruins of a forgotten civilization.,143
106,Serenity found in the pages of a favorite book.,166
158,"Immersed in the soulful melodies of Adele, tears flow freely, moved by the emotion of 'Hello'. ",63
241," Determination as the driving force, propelling me forward on the path to extraordinary achievements. ",52
695,"Whispers of lost love linger in the attic of the heart, forgotten but not erased. ",122
61," Bitterness, a bitter chill in the air, freezing moments into icicles of resentment that dangle precariously over the landscape of memory. ",21
521,Ran out of snacks during a movie marathon. Crisis level: Emergency! #MovieNightStruggles #TeenProblems,24
516,Hopeful about the possibilities of a new journey.,100
223,"At the astronomy observatory, the stargazer marvels at the vastness of the cosmos, contemplating the mysteries hidden within the celestial expanse. ",29
630,"The bitterness of betrayal, a taste that lingers, staining the palate of trust. ",21
642,"In the world of science, a breakthrough discovery unfolds, pushing the boundaries of knowledge and opening new frontiers of exploration. ",25
45," Apprehensive steps on the tightrope of uncertainty, a balancing act where the fall seems inevitable, anxiety a constant companion. ",14
79,Spontaneously booked a weekend getaway. Adventure awaits! #TravelBug #WeekendEscape,76
574,Elation after a surprise reunion with a childhood friend.,60
260,Mastering the art of the perfect doodle during boring classes. Doodles: A+!,116
461,"As the closing scene unfolds, a sense of satisfaction washes over, completing the cinematic journey with a profound and fulfilling ending. ",165
581,"Betrayal, a venomous serpent slithering through the garden of trust, poisoning roots. ",19
401," Exploring new horizons with the spark of curiosity, an adventurer in the vast landscape of knowledge. ",46
129,Confusion clouds my mind as I navigate through decisions.,37
50,Celebrating a friend's birthday tonight! 🎂,146
423,Thrilled to witness the grandeur of a cultural festival.,178
656," Wrestling with thoughts, a perplexed mind lost in the labyrinth of life's complexities. ",37
555,"Experiencing a series of losses in the basketball season, the team grapples with frustration, determined to turn the tide with renewed effort. ",156
359," Drifting through the day with an air of nonchalance, indifferent to the trivialities of life. ",106
11,"At the golf tournament, the golfer's precision and focus lead to a stunning victory, leaving spectators in awe of their exceptional skill. ",17
273,Rediscovered childhood cartoons and had a nostalgia-filled marathon. #CartoonNostalgia #TeenMemories,116
670," Charting a course through the waves of hopeful anticipation, a sailor steering towards the shores of dreams yet unexplored. ",101
115,Spent an hour choosing the perfect filter for a selfie. The struggle for that Instagram aesthetic is real. #SelfieQueen #TeenVibes,116
536," A compassionate rain, tears of empathy falling gently, nurturing the seeds of kindness in the garden of human connections. ",34
74,Surprise and delight at discovering a hidden gem in the city.,174
281,Experiencing hate comments for expressing personal opinions. Online negativity prevails.,95
264,Just published a new blog post. Check it out!,146
500," Apprehensive whispers in the wind, a forecast of uncertainty, the mind's weather vane spinning wildly in the storm of doubt. ",14
31,Exploring the city's hidden gems.,146
192," Embarking on a journey of discovery, fueled by curiosity and a thirst for knowledge. ",46
366," Flipping through the pages of an old yearbook, nostalgia painting smiles and tears on my face. ",136
266,Kindness witnessed today restores my faith in humanity.,119
498," A melancholic symphony playing in the background, the soundtrack of a wistful heart. ",126
413,Contentment in the simplicity of a home-cooked meal.,40
406,"Embracing the aroma of freshly baked bread, the home chef finds joy in the art of baking, creating delicious memories for loved ones. ",117
442,"In the celebration of success, fireworks of accomplishment light up the night sky of triumph. ",172
557,Spent hours creating the perfect playlist for every mood. Music is my therapy. #PlaylistMaker #TeenMusicLover,116
716,Spark of inspiration ignites like a shooting star in the night sky.,171
454,"Soul-crushing disappointment, hopes shattered like fragile glass. ",55
296," Playfully juggling responsibilities, a circus performer balancing the acts of work and joy, tossing laughter into the air. ",144
474,Traffic was terrible this morning.,134
428,"Embarking on a gondola ride in Venice, each canal reflecting the romance of this timeless city. ",160
491,New painting in progress! 🎨,146
353,"Embarking on a journey of writing a memoir, documenting a lifetime of experiences. Every story matters. #MemoirWriting #SeniorStories ",90
671,Missing summer vibes and beach days.,135
480," Boredom sets in, the day feels endlessly dull.     ",24
524,Encountered some mean-spirited comments online. Dealing with online hate is never easy.,95
384,Happiness blooms like flowers in a garden on a sunny day.,92
230,Participating in a science fair to showcase a unique experiment. Sharing knowledge with peers.,135
105,Overflowing adoration for a cute rescue puppy! 🐶,3
595,Started a blog about random thoughts and musings. Blogging is the new diary. #BloggerLife #TeenBlogger,46
620,"Like a withered rose in the garden of love, petals fall, a silent surrender to time. ",122
120,Accidentally liked my crush's old photo while stalking their profile. Awkward level: Maximum!,62
492,Trying out a new dessert recipe.,146
70,Reverence for the beauty of a historic landmark.,159
357," A numbness settles over me, a shield against the overwhelming emotions life throws my way. ",137
149,"Sipping on a favorite vintage wine, each sip telling a story of the years gone by. Cheers to a life well-lived. #WineLover #VintageCheers ",40
561,Hosted a photography exhibition featuring snapshots of a life well-lived. Every photo has a story to tell. #PhotographyExhibition #SeniorPhotographer,90
556,"Entered the kitchen with the intention to cook. Left with a bag of chips. Cooking is overrated, anyway. #MasterChefInTraining #TeenHumor ",56
544,Laughter is the key to joy—attending a stand-up comedy show.,116
36," A tapestry of conflicting feelings, weaving through uncertainty, caught in the threads of ambivalence. ",8
238,Witnessed an act of kindness that made my day.,119
53,Empowered to make a difference in my community.,66
693,Reflecting on the beauty of diversity in our world.,0
12,"At a U2 concert, the anthemic chords of 'With or Without You' create a timeless moment of connection. ",38
334,"Dancing on sunshine, each step a celebration of the joy found in simple moments. ",116
284,"Organizing a virtual talent show during challenging times, bringing smiles to classmates' faces! ",93
377,A moment of shame for not speaking up against injustice.,167
34,Regret over missed opportunities haunts my thoughts.,153
403,Gratitude for the simple joys found in a cup of morning coffee.,90
126,Trying out a new smoothie recipe for a healthy start to the week. Smoothie enthusiast: Level up!,76
702," Devastated by the storm of betrayal, the wreckage of trust scattered like debris, a heart torn by the winds of broken promises. ",53
229,Crafting intricate friendship bracelets for the whole squad. Friendship level: Expert weaver!,116
246," Envious eyes locked on the treasure chest of opportunities, a heartache fueled by the desire for keys that seem forever elusive. ",72
637,Awash with serenity as the sun sets over a tranquil lakeside retreat.,166
41," Embraced by the hopeful dawn, a gardener sowing seeds of optimism, tending to the blooms of a brighter tomorrow. ",101
664,Enthusiasm for a DIY home improvement project.,71
608,Spent the day binge-watching a new series. Productivity level: Zero. #LazyDay #TVSeriesMarathon,116
705,"A surprise gift, wrapped in anticipation, unfolds a moment of delight and wonder. ",174
233,Cooking a special dinner for loved ones.,146
564,Having a string of bad luck with constant technology malfunctions. Tech troubles galore!,18
97,Volunteering at a local charity event to give back to the community. Contributing to social causes.,135
379,Intimidation by the unknown future ahead.,110
431,"Captivated by the historical charm of the Colosseum, each stone echoing tales of gladiator valor. ",27
513,Feeling lonely on a Saturday night. Sometimes solitude hits harder than expected.,163
534,Missing an important event due to unforeseen circumstances. A day filled with sadness.,163
258,"Survived a challenging physics exam. Equations, you won't defeat me! ",155
91," Determination ablaze, forging a path through challenges, sculpting dreams into tangible realities. ",52
298,Admiration for the intricate details of a handcrafted masterpiece.,2
518," Embracing life's imperfections, finding acceptance in the journey, scars and all. ",0
252,Caught up on the latest fashion trends and now planning a shopping spree. #Fashionista #TrendyTeen,76
439,"Overflowing with joy, a cup of laughter shared with friends, a moment cherished. ",116
326,Confusion surrounds me as I navigate through life's choices.,37
588,Attempting to beat the record for the most consecutive cartwheels. Cartwheel challenge: Underway!,76
152,Spent hours perfecting a chemistry experiment. Mixing potions like a wizard!,116
704,"Bitterness like a poison, seeping into every crevice of the wounded heart. ",21
243," Envious eyes fixated on the gilded prize, a heartache fueled by the painful desire for possessions that seem forever out of reach. ",72
211,Bitter experience at the customer service department.,20
393,Arousal of excitement before a much-awaited trip.,15
293," Basking in the serenity of a quiet forest, where the whispers of nature bring peace to the soul. ",166
421,"Tears, the ink staining the pages of a journal, a testament to silent grief. ",91
450,"In the realm of literature, a captivating novel transports the reader to distant lands, weaving a tapestry of imagination and escape. ",104
83,"Joined a seniors' astronomy club, stargazing and finding wonder in the vastness of the cosmos. #AstronomyClub #SeniorStargazer ",46
417,"Watching a heartwarming family drama, tears flow freely as the characters overcome challenges, leaving the viewer with a warm glow. ",180
463,"As the waves crash against the shore, the surfer embraces the thrill of riding the ocean's energy, capturing the essence of freedom in each wave. ",139
245," Envious gazes cast upon the podium of success, a bitter pill swallowed, the taste lingering as a constant reminder of unattained heights. ",72
658," Lost in the labyrinth of thoughts, confusion casting shadows on the quest for clarity. ",37
533,Optimism for a bright future amidst challenging times.,140
614,"Desperation whispers, the silent plea for a glimmer of hope in the abyss. ",51
35," Frustration escalates, a thunderstorm of emotions. ",86
259,Bonding with friends over the latest K-pop sensation. Fangirling at its finest!,116
386,Disappointed with the service at a local restaurant.,54
84,Hosting a sleepover with friends this weekend. Preparing for a night of laughter and memories!,76
68,Amused by the antics of my pet—it's pure amusement!,9
28," Anxiety grips my chest, a relentless grip on my thoughts.",12
672,Compassion shown through acts of kindness in the community.,33
504,Finding acceptance in the midst of life's challenges.,0
701," Striding with confidence, footprints of self-assuredness imprinted on the sands of challenges conquered and victories claimed. ",36
372,Enjoying a cup of tea and watching the sunset.,146
531," Navigating the river of contentment, a serene boat cruise through the tranquil waters of inner peace and acceptance. ",40
378,Gratitude for the support received during tough times.,90
426,A burst of artistic creativity in the quietude of an artist's studio.,16
270,"Drenched in confetti at a Katy Perry concert, a kaleidoscope of colors igniting the night sky. ",32
731,"In the carnival of emotions, the rollercoaster of thrill sends the heart on a wild ride. ",178
465,Captivated by the ethereal beauty of a field filled with fireflies.,67
220,"At the Oscars, the actor graciously accepts an award, radiating joy and gratitude for the recognition of their outstanding performance. ",90
355,Disgust at the sight of injustice and cruelty.,56
638,"Basking in the glow of accomplishment, each milestone a stepping stone to happiness. ",1
508," Ambivalence in the air, caught between the crossroads of conflicting emotions and decisions. ",8
476," Boredom settles like dust, life feels mundane.     ",24
374,Finding calmness in the midst of a busy day.,26
358," Indifferent to the noise of the world, a silent observer in the midst of life's cacophony. ",106
605,Exploring the universe within during a mindful meditation session.,107
37," Bitterness festering like a venomous vine, entwining the soul in a web of resentment, poisoning the garden of peace. ",21
713,Excitement builds while preparing for a surprise celebration.,76
457,"In the gallery of broken promises, each shattered vow framed, a painful exhibition. ",19
659,Quiet evening with a good book.,146
644,Resentment building up over past betrayals.,157
388," Floating on clouds of inspiration, an artist painting the sky with strokes of creativity, creating a masterpiece of dreams. ",109
94,Planning a surprise scavenger hunt for friends. Anticipating the thrill and excitement!,76
26," Drifting through the day with a nonchalant demeanor, embracing the art of indifference. ",106
683," Gratitude as a guiding star, navigating the constellation of blessings in the vast universe of life's precious moments. ",89
579,Contentment in the midst of a family gathering filled with laughter.,40
58," Entangled in the web of thoughts, confusion reigning as I navigate the labyrinth of ideas. ",37
617,"In the midst of a cycling race, a tire blowout leads to frustration for the cyclist, who valiantly tries to overcome the unexpected obstacle. ",138
80,"Exploring the art of meditation, finding tranquility in the stillness of the mind. #MeditationJourney #TranquilMind ",40
395,Joyful reunion with long-lost friends after years of separation.,118
54,The euphoria of a surprise birthday celebration.,75
636,"In the symphony of grief, each tear is a note, composing a melancholic melody. ",91
32,New book release from my favorite author!,146
641,"Experiencing the thrill of a high-speed Formula 1 race, fans are on the edge of their seats as drivers compete for the championship. ",178
336,"Captivated by the spellbinding plot twists, the audience applauds, experiencing a rollercoaster of emotions at the movie premiere. ",76
177," Navigating the sea of hope, sailing towards the sunrise of possibilities, confident in the ship of positive anticipation. ",101
468,"In the ruins of hope, echoes of shattered dreams whisper tales of loss. ",49
289,Enjoying every moment of this trip—pure enjoyment!,70
396,Sipping coffee and enjoying a good book.,146
433,"Wandering through a historical museum, the history enthusiast becomes immersed in the tales of the past, envisioning bygone eras. ",73
532," Navigating the river of contentment, a serene boat cruise through the tranquil waters of inner peace and acceptance. ",40
650," Yearning for the warmth of a vanished sun, a heartache painted in the hues of a sunset that never graced the horizon. ",189
90," A fiery determination burning within, fueled by the vision of reaching unparalleled heights. ",52
503,Feeling optimistic about the week ahead.,146
56," Loneliness in a crowded room, a silent cry for connection.",121
268," Overwhelmed by the maze of expectations, a minotaur of pressure lurking in the labyrinth, waiting to devour the spirit of resilience. ",142
506,Feeling bitter about the unfairness in the workplace.,20
576," Seeking serenity in the melody of raindrops, a tranquil escape from the noise of everyday life. ",166
464,Mesmerized by the cosmic dance of fireflies on a moonlit night.,67
39," Fearful whispers in the dark, the mind haunted by the specter of the unknown, shadows dancing to the rhythm of anxiety's tune. ",80
1,Awe-struck by the grandeur of an ancient cathedral's intricate architecture.,17
195,Confidence soars after overcoming public speaking anxiety.,35
646," Helplessness engulfs me, drowning in a sea of problems.",99
688,Arousal of excitement for an upcoming adventure.,15
645,Helplessness sinks in as challenges pile up.,99
107," Curiosity driving the exploration of the unknown, a seeker of knowledge in uncharted territories. ",46
169," Jealousy poisons my thoughts, resentment brewing within.",114
352,Capturing the beauty of nature through photography. Every snapshot is a treasure. #NaturePhotography #SeniorPhotographer,116
3,Euphoria floods in as the final puzzle piece clicks into place.,75
183,Feeling a sense of fear after watching a thriller movie.,79
93,"In the garden of broken dreams, petals fall, a silent testimony to shattered hopes. ",49
302,"At a Michael Jackson tribute show, moonwalking through the hits, a celebration of the King of Pop. ",28
387,Disappointed with the lack of progress in a personal project.,54
133,Tenderness in a heartfelt message to a loved one.,177
392,"In the tapestry of despair, threads of hope unravel, leaving a portrait of sorrow. ",50
297,Overwhelmed by the support received during a personal challenge.,142
227,Caught in a torrential rainstorm without an umbrella. Today's weather is just bad luck.,18
27,Loneliness creeps in as the night grows colder.,121
178," Melancholy painting the world in hues of nostalgia, a canvas of bittersweet memories. ",126
589,Attended a concert and danced the night away. Music is the heartbeat of life. #ConcertVibes #DanceAllNight,116
207,Feeling down after not making the sports team. Disappointment lingers.,163
455,"In the midst of a soccer match, an unexpected own goal creates a moment of despair for the player, as teammates console and encourage them. ",50
137,Exploring a new hobby of photography during free time. Capturing moments through a lens.,135
214,Compassion in volunteering for a local charity.,33
709,"Surrounded by the vibrant colors of a flower garden, the gardener nurtures blossoms, finding joy in the beauty of nature's ever-changing canvas. ",133
308,"Joined a seniors' cycling club, feeling the wind in my hair and the freedom of the open road. #CyclingClub #SeniorCyclist ",76
609,Intrigued by the symphony of colors in an abstract art exhibition.,111
675," Embracing the beauty in imperfections, finding acceptance in the mosaic of life's unpredictable art. ",0
585,Building a time capsule to capture memories for the future. Time-traveling emotions!,116
546,Hopeful about the prospects of a new business venture.,100
420,"Emotional storm, a whirlwind of sadness engulfs every thought.    ",64
550," Overwhelmed by the weight of the world, Atlas with trembling shoulders, each responsibility a boulder in the landscape of exhaustion. ",142
661,Sharing love and positive vibes with everyone! ❤️,124
376,Finding calmness amidst the chaos of daily life.,26
10,"Witnessing a record-breaking marathon, spectators are filled with awe and admiration for the endurance and dedication of the runners. ",2
14,Whispers of inspiration from the rustling leaves in a serene forest.,108
153,Overflowing happiness: welcoming a new family member!,92
285,Attending a virtual conference on AI.,135
647," Numb to the chaos, emotions locked away, a stoic facade concealing the inner turmoil. ",137
325,Pure happiness: celebrating a loved one's achievement!,92
424,Anticipation for an upcoming adventure in an exotic destination.,11
694,A sense of accomplishment after completing a challenging workout.,1
673,Reverence for the historical significance of a landmark.,159
652," Gazing at the sunset, a melancholic longing for moments that slip through the fingers of time. ",126
295," Playfully juggling responsibilities, a circus performer balancing the acts of work and joy, tossing laughter into the air. ",144
165,"Attended a wine tasting event, savoring the richness of flavors that age like fine wine. Cheers to the golden years! #WineTasting #SeniorWineLover ",116
685," Bathed in the golden hues of gratefulness, a sunset of appreciation casting its warm glow on the landscapes of the heart. ",89
678," Loneliness, a silent companion in the night, the only echo in the chamber of solitude, a heart's solitary nocturne. ",121
698," A playful escapade in the carnival of life, carousel laughter and cotton candy dreams swirling in the joyous atmosphere. ",144
681,Curiosity piqued by the mysteries of an ancient archaeological site.,46
563,Trying to set a new trend by juggling textbooks between classes. Academic juggling: A unique skill!,76
112,"A soul adrift in the sea of solitude, waves of loneliness crashing relentlessly. ",121
610,Immersed in the enchanting melodies of a street musician's violin.,127
527,Attending a school talent show to support classmates. Applauding the diverse talents on display!,93
522,"Attended a classical music concert, feeling the timeless melodies resonate. Music transcends generations. #ClassicalMusic #TimelessMelodies ",116
730,"Heartache deepens, a solitary journey through the abyss of despair. ",50
292,Elation after achieving a personal goal.,60
525,Having a bad hair day and feeling self-conscious. Bad hair days can affect confidence.,18
570,Receiving a heartfelt letter from a pen pal in another country. Connecting across the globe!,93
221,"Cheering for the underdog in the basketball finals, the crowd erupts in applause as the team defies odds to claim the championship title. ",182
446,"In the void of heartache, echoes of a love song play, each note a pang of longing. ",96
349,"In the tennis tournament, a highly anticipated player experiences a setback, leaving fans in shock and questioning the unforeseen turn of events. ",86
163,"As the credits roll, a profound sense of nostalgia washes over, reminiscent of cherished moments in classic films. ",136
299,Satisfaction derived from successfully completing a DIY project.,165
484,Envy eats away at me as I see others' prosperity.,74
682,Curiosity awakened by the mysteries of an ancient archaeological site.,46
490,Celebrating a milestone at work! 🎉,146
651,Trying out a new recipe for dinner tonight.,135
597,"Participated in a charity run, proving that age is no barrier to supporting meaningful causes. #CharityRun #SeniorRunner ",76
148,"Reconnecting with old friends over a cup of tea. Friendship, the true essence of companionship. #OldFriends #Companionship ",40
412," Embracing the beauty of nature, a moment of contentment. ",40
662,Sending love to all my followers on this beautiful day! ❤️,124
634,Riding the adrenaline rush on a rollercoaster's wild twists.,4
586,Organizing a community cleanup event for a cleaner neighborhood. Promoting environmental awareness.,135
213,Compassion towards those in need during the holidays.,33
639,"Floating on clouds of gratitude, each raindrop a blessing, a shower of thankfulness. ",90
154,Pride in completing a challenging fitness challenge.,149
381," Ambivalence clouding decisions, caught in the crossroads of conflicting emotions. ",8
146,Decided to learn a new instrument. Day one: Still trying to figure out how to hold it. #MusicNovice #LearningJourney,86
712,Contentment in the simplicity of a quiet Sunday.,40
361," Resentment festers, a wound that refuses to heal.  ",157
226,Perfecting the art of creating origami during a dull lecture. Origami mastery: A+!,116
66,An amusing incident brightened up my day!,9
52,Shame for not being true to my values in a difficult situation.,167
535,Attending a school assembly to stay informed about upcoming events and announcements. Staying connected with school activities.,135
167,Suffering from despair after another setback.,50
173," Immersed in a state of emotional numbness, a shield against the storm of daily struggles. ",137
111,"Tears fall like raindrops, mourning the end of a cherished friendship. ",91
20,"Embarking on a culinary adventure, savoring exotic flavors around the world. ",5
156,"In the symphony of excitement, each note is a burst of energy, igniting the soul with fervor. ",76
526,Collaborating on a school project with peers. Teamwork makes the dream work.,135
603,"In the serene beauty of a sunset, nature unfolds a canvas of colors, evoking a sense of tranquility and wonder. ",181
251,"Got dressed for the day, then remembered it's Saturday. Oops. #WeekendVibes #TeenStruggles ",106
118,"Started a blog sharing the wisdom gained through the years, proving that every day is a chance to learn and grow. #SeniorWisdom #Blog ",90
46," Dismissive glances, a fortress built with indifference, walls impenetrable to the pleas of understanding and recognition. ",57
622,"Standing before the grandeur of the Eiffel Tower, a moment to reflect on the beauty of Parisian dreams. ",152
215,Reverence for the wonders of nature on a hiking trail.,159
604,Enveloped in serenity while practicing mindfulness by the lake.,129
601,"Surrounded by the colors of joy, a canvas painted with laughter and endless smiles. ",116
657," Navigating through the labyrinth of thoughts, confusion a constant companion in the maze of ideas. ",37
611,"Haunted by regrets, the ghost of the past lingers relentlessly.   ",153
271,"Rocking out at a Guns N' Roses show, the iconic riffs of 'Sweet Child o' Mine' echoing in the night. ",103
172," Revisiting old photographs, caught in the embrace of nostalgia's bittersweet symphony. ",136
373,Practicing mindfulness with meditation.,146
514,A cozy evening with a good movie.,146
132,Tenderness in the warmth of a cozy winter evening.,177
612,"In the dance of positivity, every step is a rhythm, uplifting the soul in harmony. ",147
404,"Serenading the stars with a heart full of gratitude, a melody of thankfulness. ",90
263,Experimenting with a new recipe for a school bake sale. Baking adventures in the kitchen.,135
580,"Avoiding the thorns of regret, walking barefoot on the path of remorse. ",153
316,Awe-struck by the breathtaking sunrise over the mountains.,17
217," Loneliness, a solitary moon in a starless sky, casting a cold glow on the landscape of isolation, where echoes bounce in empty spaces. ",121
410,Heartfelt sadness after bidding farewell to a dear friend.,164
707,"In the labyrinth of despair, the echoes of a broken heart reverberate endlessly. ",50
244," Overwhelmed by the cacophony of expectations, a drowning soul in the tempest of pressure, struggling to stay afloat. ",142
558,Exploring the world of digital art. It's never too late to discover new passions. #DigitalArtistry #LateBloomer,46
568," Confident strides in the dance of life, a ballroom where self-assuredness leads, twirling through challenges with grace. ",36
208,Attending a live music concert tonight.,146
339,Reflecting on personal growth achieved through life experiences.,152
441,Joyful laughter resonates through a lively summer carnival.,81
717,"Chasing dreams under the vibrant sky, a journey fueled by hope and enthusiasm. ",71
247,Whimsical delight in a world of fairy tales and magical creatures.,184
199,Reflecting on the challenges of the school year. Feeling a bit overwhelmed with assignments.,163
242," A heart overflowing with gratitude, a garden where appreciation blooms in the soil of kindness and connection. ",89
501,Just adopted a cute furry friend! 🐾,146
356," Jealousy gnaws at my confidence, a toxic emotion.  ",114
411,Excitement for a weekend road trip to explore new places.,76
194," Wandering through the desert of loneliness, each step a heavy sigh, mirages of connection shimmering but never materializing. ",121
496," Torn between conflicting emotions, an ambivalence that paints my decisions in shades of uncertainty. ",8
